<?xml version="1.0" encoding="utf-8"?><feed xmlns="http://www.w3.org/2005/Atom" ><generator uri="https://jekyllrb.com/" version="3.8.5">Jekyll</generator><link href="http://localhost:4000/feed.xml" rel="self" type="application/atom+xml" /><link href="http://localhost:4000/" rel="alternate" type="text/html" /><updated>2018-11-28T23:37:30+02:00</updated><id>http://localhost:4000/feed.xml</id><title type="html">XR Women</title><subtitle>The sisterhood of Nordic &amp; Baltic ladies passionate about XR, VR, MR and AR and all its aspects. We provide the forum for networking and knowledge sharing.</subtitle><entry><title type="html">Dreams</title><link href="http://localhost:4000/web%20development/2014/07/18/project-1/" rel="alternate" type="text/html" title="Dreams" /><published>2014-07-18T00:00:00+03:00</published><updated>2014-07-18T00:00:00+03:00</updated><id>http://localhost:4000/web%20development/2014/07/18/project-1</id><content type="html" xml:base="http://localhost:4000/web%20development/2014/07/18/project-1/"></content><author><name></name></author><category term="Web Development" /><summary type="html"></summary></entry><entry><title type="html">Escape</title><link href="http://localhost:4000/web%20development/2014/07/17/project-2/" rel="alternate" type="text/html" title="Escape" /><published>2014-07-17T00:00:00+03:00</published><updated>2014-07-17T00:00:00+03:00</updated><id>http://localhost:4000/web%20development/2014/07/17/project-2</id><content type="html" xml:base="http://localhost:4000/web%20development/2014/07/17/project-2/"></content><author><name></name></author><category term="Web Development" /><summary type="html"></summary></entry><entry><title type="html">Golden</title><link href="http://localhost:4000/web%20development/2014/07/16/project-3/" rel="alternate" type="text/html" title="Golden" /><published>2014-07-16T00:00:00+03:00</published><updated>2014-07-16T00:00:00+03:00</updated><id>http://localhost:4000/web%20development/2014/07/16/project-3</id><content type="html" xml:base="http://localhost:4000/web%20development/2014/07/16/project-3/"></content><author><name></name></author><category term="Web Development" /><summary type="html"></summary></entry><entry><title type="html">Round Icons</title><link href="http://localhost:4000/web%20development/2014/07/15/project-6/" rel="alternate" type="text/html" title="Round Icons" /><published>2014-07-15T00:00:00+03:00</published><updated>2014-07-15T00:00:00+03:00</updated><id>http://localhost:4000/web%20development/2014/07/15/project-6</id><content type="html" xml:base="http://localhost:4000/web%20development/2014/07/15/project-6/"></content><author><name></name></author><category term="Web Development" /><summary type="html"></summary></entry><entry><title type="html">Treehouse</title><link href="http://localhost:4000/web%20development/2014/07/15/project-4/" rel="alternate" type="text/html" title="Treehouse" /><published>2014-07-15T00:00:00+03:00</published><updated>2014-07-15T00:00:00+03:00</updated><id>http://localhost:4000/web%20development/2014/07/15/project-4</id><content type="html" xml:base="http://localhost:4000/web%20development/2014/07/15/project-4/"></content><author><name></name></author><category term="Web Development" /><summary type="html"></summary></entry><entry><title type="html">Startup Framework</title><link href="http://localhost:4000/web%20development/2014/07/14/project-5/" rel="alternate" type="text/html" title="Startup Framework" /><published>2014-07-14T00:00:00+03:00</published><updated>2014-07-14T00:00:00+03:00</updated><id>http://localhost:4000/web%20development/2014/07/14/project-5</id><content type="html" xml:base="http://localhost:4000/web%20development/2014/07/14/project-5/"></content><author><name></name></author><category term="Web Development" /><summary type="html"></summary></entry></feed>